{"cameraMode":{"drawMode":0,"name":"Shaded","section":"Shading Mode"},"sceneLighting":true,"audioPlay":false,"sceneViewState":{"showFog":true,"showMaterialUpdate":false,"showSkybox":true,"showFlares":true,"showImageEffects":true,"showParticleSystems":true},"in2DMode":false,"pivot":{"x":-0.578479528427124,"y":0.05105304718017578,"z":-7.80803108215332},"rotation":{"x":-0.00229580863378942,"y":0.9978062510490418,"z":-0.056324951350688937,"w":-0.037123292684555057},"size":18.6283016204834,"orthographic":false}