{"cameraMode":{"drawMode":0,"name":"Shaded","section":"Shading Mode"},"sceneLighting":true,"audioPlay":false,"sceneViewState":{"showFog":true,"showMaterialUpdate":false,"showSkybox":true,"showFlares":true,"showImageEffects":true,"showParticleSystems":true},"in2DMode":false,"pivot":{"x":-0.09956669807434082,"y":6.743084907531738,"z":12.827220916748047},"rotation":{"x":0.0020043894182890655,"y":0.9978610277175903,"z":-0.0503399632871151,"w":0.04374539479613304},"size":17.960596084594728,"orthographic":false}