{"cameraMode":{"drawMode":0,"name":"Shaded","section":"Shading Mode"},"sceneLighting":false,"audioPlay":false,"sceneViewState":{"showFog":false,"showMaterialUpdate":false,"showSkybox":false,"showFlares":false,"showImageEffects":false,"showParticleSystems":false},"in2DMode":false,"pivot":{"x":-0.6631699800491333,"y":1.07066810131073,"z":-4.078137397766113},"rotation":{"x":-0.10271523892879486,"y":-0.009865381754934788,"z":0.000985712860710919,"w":-0.9947080016136169},"size":6.7506632804870609,"orthographic":false}