{"cameraMode":{"drawMode":0,"name":"Shaded","section":"Shading Mode"},"sceneLighting":false,"audioPlay":false,"sceneViewState":{"showFog":false,"showMaterialUpdate":false,"showSkybox":false,"showFlares":false,"showImageEffects":false,"showParticleSystems":false},"in2DMode":false,"pivot":{"x":-2.0248775482177736,"y":-0.41792598366737368,"z":-0.04930625110864639},"rotation":{"x":-0.10984975099563599,"y":0.7321076393127441,"z":-0.12133018672466278,"w":-0.6613588333129883},"size":8.050292015075684,"orthographic":false}