{"cameraMode":{"drawMode":0,"name":"Shaded","section":"Shading Mode"},"sceneLighting":true,"audioPlay":false,"sceneViewState":{"showFog":true,"showMaterialUpdate":false,"showSkybox":true,"showFlares":true,"showImageEffects":true,"showParticleSystems":true},"in2DMode":false,"pivot":{"x":275.2781677246094,"y":-241.1068115234375,"z":341.6543273925781},"rotation":{"x":0.24223658442497254,"y":0.34022051095962527,"z":-0.09149079769849777,"w":0.9041020274162293},"size":574.2334594726563,"orthographic":false}