{"cameraMode":{"drawMode":0,"name":"Shaded","section":"Shading Mode"},"sceneLighting":true,"audioPlay":false,"sceneViewState":{"showFog":true,"showMaterialUpdate":false,"showSkybox":true,"showFlares":true,"showImageEffects":true,"showParticleSystems":true},"in2DMode":false,"pivot":{"x":-0.5600000023841858,"y":2.2799999713897707,"z":-1.190000057220459},"rotation":{"x":-0.06675990670919419,"y":0.8605908751487732,"z":-0.11723171174526215,"w":-0.49129337072372439},"size":7.47947359085083,"orthographic":false}