{"cameraMode":{"drawMode":0,"name":"Shaded","section":"Shading Mode"},"sceneLighting":true,"audioPlay":false,"sceneViewState":{"showFog":true,"showMaterialUpdate":false,"showSkybox":true,"showFlares":true,"showImageEffects":true,"showParticleSystems":true},"in2DMode":false,"pivot":{"x":-2.615467071533203,"y":2.1970224380493166,"z":-3.531769275665283},"rotation":{"x":-0.034333519637584689,"y":0.957197368144989,"z":-0.12645159661769868,"w":-0.2584049105644226},"size":9.103626251220704,"orthographic":false}